Workbook

Sheet Instrukcija
A1: Tēma | B1: Apraksts
A2: Mērķis | B2: Atzīmē KATRU rindu šajās lapās: vai tā ir nodošanas / closeout prasība? Tad `spectakeoff eval` izmērīs, ko programma atrod pareizi, ko kļūdaini un ko palaiž garām.
A3: Kā aizpildīt | B3: Kolonnā F izvēlies Jā vai Nē (vai ? ja tiešām nav skaidrs - tādas rindas netiek vērtētas). Atver PDF norādītajā lapā, ja teksts nav saprotams bez konteksta.
A4: Jā | B4: Teikums vai saraksta punkts uzliek darbuzņēmējam pienākumu NODOT vai IESNIEGT kaut ko nodošanai/closeout: garantija, O&M rokasgrāmatas, izpilddokumentācija (as-built / record drawings), rezerves daļas, papildu materiāli (attic stock), speciālie instrumenti, apmācība, testu atskaites, sertifikāti un atbilstības apliecinājumi, iesniegumu saraksta punkti (piem. UFGS SD-06/07/09/10/11).
A5: Nē | B5: Būvdarbu metodes, materiālu īpašības, juridiski skaidrojumi ('shall not relieve...'), redaktora piezīmes (NOTE:, 'The Engineer shall...'), virsraksti, lapu galvenes, atsauces uz citām sadaļām, uzstādīšana 'saskaņā ar ražotāja instrukcijām'.
A6: Piemērs Jā | B6: Provide two (2) copies of all manufacturers warranties specified for materials.
A7: Piemērs Jā | B7: Operation and Maintenance Manuals; G, [_____] (punkts zem SD-10)
A8: Piemērs Nē | B8: Air-entraining admixtures shall meet the requirements of ASTM C260.
A9: Piemērs Nē | B9: Manufacturer's certifications shall not relieve the Contractor of the responsibility...
A10: Svarīgi | B10: Neskaties, ko atrada programma, pirms neesi atzīmējis pats - citādi mērījums būs neobjektīvs. Ja failā ir kolonna 'Programma atrada', to var paslēpt.
A11: Pēc tam | B11: Saglabā failu un palaid: spectakeoff eval etalons.xlsx (programma pati atkārtoti apstrādās tos pašus PDF un salīdzinās). Lapas, kur kaut viena rinda nav atzīmēta, netiek vērtētas.

Sheet Etalons
A1: ID | B1: Fails | C1: Lapa | D1: Nr. lapā | E1: Teksts (oriģināls) | F1: Prasība? (Jā/Nē) | G1: Piezīme
A2: UFGS_09_90_0-P0008-001 | B2: UFGS_09_90_00.pdf | C2: 8 | D2: 1 | E2: (1) Exposed piping, conduit, and ductwork; | F2: Nē
A3: UFGS_09_90_0-P0008-002 | B3: UFGS_09_90_00.pdf | C3: 8 | D3: 2 | E3: (2) Supports, hangers, air grilles, and registers; | F3: Nē
A4: UFGS_09_90_0-P0008-003 | B4: UFGS_09_90_00.pdf | C4: 8 | D4: 3 | E4: (3) Miscellaneous metalwork and insulation coverings. [ b. | F4: Nē
A5: UFGS_09_90_0-P0008-004 | B5: UFGS_09_90_00.pdf | C5: 8 | D5: 4 | E5: Do not paint the following, unless indicated otherwise: | F5: Nē
A6: UFGS_09_90_0-P0008-005 | B6: UFGS_09_90_00.pdf | C6: 8 | D6: 5 | E6: [ (1) New zinc-coated, aluminum, and copper surfaces under insulation | F6: Nē
A7: UFGS_09_90_0-P0008-006 | B7: UFGS_09_90_00.pdf | C7: 8 | D7: 6 | E7: ][ (2) New aluminum jacket on piping | F7: Nē
A8: UFGS_09_90_0-P0008-007 | B8: UFGS_09_90_00.pdf | C8: 8 | D8: 7 | E8: ][ (3) New interior ferrous piping under insulation. | F8: Nē
A9: UFGS_09_90_0-P0008-008 | B9: UFGS_09_90_00.pdf | C9: 8 | D9: 8 | E9: ]][1.2.3.1 Fire Extinguishing Sprinkler Systems | F9: Nē
A10: UFGS_09_90_0-P0008-009 | B10: UFGS_09_90_00.pdf | C10: 8 | D10: 9 | E10: Clean, pretreat, prime, and paint new fire extinguishing sprinkler systems including valves, piping,[ and] conduit[, hangers, supports, miscellaneous metalwork, and accessories]. | F10: Nē
A11: UFGS_09_90_0-P0008-010 | B11: UFGS_09_90_00.pdf | C11: 8 | D11: 10 | E11: Apply coatings to clean, dry surfaces, using clean brushes. | F11: Nē
A12: UFGS_09_90_0-P0008-011 | B12: UFGS_09_90_00.pdf | C12: 8 | D12: 11 | E12: ][1.2.4 Exterior Painting of Site Work Items | F12: Nē
A13: UFGS_09_90_0-P0008-012 | B13: UFGS_09_90_00.pdf | C13: 8 | D13: 12 | E13: NOTE: The following paragraph is tailored for inclusion in projects with exterior painting. | F13: Nē
... A335: UFGS_26_56_0-P0029-028 | B335: UFGS_26_56_00.pdf | C335: 29 | D335: 28 | E335: SECTION 26 56 00 Page 29 | F335: Nē

Sheet Lapas
A1: Fails | B1: Lapa | C1: Rindas | D1: Atzīmētas | E1: Gatava?
A2: UFGS_09_90_00.pdf | B2: 8 | C2: =COUNTIFS(Etalons!B:B,A2,Etalons!C:C,B2) | D2: =COUNTIFS(Etalons!B:B,A2,Etalons!C:C,B2,Etalons!F:F,"<>") | E2: =IF(D2=C2,"Jā","Nē")
A3: UFGS_09_90_00.pdf | B3: 17 | C3: =COUNTIFS(Etalons!B:B,A3,Etalons!C:C,B3) | D3: =COUNTIFS(Etalons!B:B,A3,Etalons!C:C,B3,Etalons!F:F,"<>") | E3: =IF(D3=C3,"Jā","Nē")
A4: UFGS_09_90_00.pdf | B4: 27 | C4: =COUNTIFS(Etalons!B:B,A4,Etalons!C:C,B4) | D4: =COUNTIFS(Etalons!B:B,A4,Etalons!C:C,B4,Etalons!F:F,"<>") | E4: =IF(D4=C4,"Jā","Nē")
A5: UFGS_09_90_00.pdf | B5: 58 | C5: =COUNTIFS(Etalons!B:B,A5,Etalons!C:C,B5) | D5: =COUNTIFS(Etalons!B:B,A5,Etalons!C:C,B5,Etalons!F:F,"<>") | E5: =IF(D5=C5,"Jā","Nē")
A6: UFGS_09_90_00.pdf | B6: 88 | C6: =COUNTIFS(Etalons!B:B,A6,Etalons!C:C,B6) | D6: =COUNTIFS(Etalons!B:B,A6,Etalons!C:C,B6,Etalons!F:F,"<>") | E6: =IF(D6=C6,"Jā","Nē")
A7: UFGS_26_51_00.pdf | B7: 1 | C7: =COUNTIFS(Etalons!B:B,A7,Etalons!C:C,B7) | D7: =COUNTIFS(Etalons!B:B,A7,Etalons!C:C,B7,Etalons!F:F,"<>") | E7: =IF(D7=C7,"Jā","Nē")
A8: UFGS_26_51_00.pdf | B8: 19 | C8: =COUNTIFS(Etalons!B:B,A8,Etalons!C:C,B8) | D8: =COUNTIFS(Etalons!B:B,A8,Etalons!C:C,B8,Etalons!F:F,"<>") | E8: =IF(D8=C8,"Jā","Nē")
A9: UFGS_26_51_00.pdf | B9: 22 | C9: =COUNTIFS(Etalons!B:B,A9,Etalons!C:C,B9) | D9: =COUNTIFS(Etalons!B:B,A9,Etalons!C:C,B9,Etalons!F:F,"<>") | E9: =IF(D9=C9,"Jā","Nē")
A10: UFGS_26_51_00.pdf | B10: 28 | C10: =COUNTIFS(Etalons!B:B,A10,Etalons!C:C,B10) | D10: =COUNTIFS(Etalons!B:B,A10,Etalons!C:C,B10,Etalons!F:F,"<>") | E10: =IF(D10=C10,"Jā","Nē")
A11: UFGS_26_51_00.pdf | B11: 31 | C11: =COUNTIFS(Etalons!B:B,A11,Etalons!C:C,B11) | D11: =COUNTIFS(Etalons!B:B,A11,Etalons!C:C,B11,Etalons!F:F,"<>") | E11: =IF(D11=C11,"Jā","Nē")
A12: UFGS_26_51_00.pdf | B12: 38 | C12: =COUNTIFS(Etalons!B:B,A12,Etalons!C:C,B12) | D12: =COUNTIFS(Etalons!B:B,A12,Etalons!C:C,B12,Etalons!F:F,"<>") | E12: =IF(D12=C12,"Jā","Nē")
A13: UFGS_26_56_00.pdf | B13: 12 | C13: =COUNTIFS(Etalons!B:B,A13,Etalons!C:C,B13) | D13: =COUNTIFS(Etalons!B:B,A13,Etalons!C:C,B13,Etalons!F:F,"<>") | E13: =IF(D13=C13,"Jā","Nē")
... A16: UFGS_26_56_00.pdf | B16: 29 | C16: =COUNTIFS(Etalons!B:B,A16,Etalons!C:C,B16) | D16: =COUNTIFS(Etalons!B:B,A16,Etalons!C:C,B16,Etalons!F:F,"<>") | E16: =IF(D16=C16,"Jā","Nē")

Sheet _meta
A1: {"tool_version": "4.0.0", "seed": 20261016, "sample": 15, "pages_spec": "", "show_predictions": false, "sources": [{"name": "UFGS_08_11_13.pdf", "path": "/tmp/claude-0/-home-user-workflows-starter-template/02873300-0aa4-5b5a-a8bb-9cae7051367b/scratchpad/holdout2/UFGS_08_11_13.pdf", "sha256": "d3e2caffbc53a6e088a901406da795f5d536a627ffb8e48b4ea199a7a01f4da0"}, {"name": "UFGS_09_90_00.pdf", "path": "/tmp/claude-0/-home-user-workflows-starter-template/02873300-0aa4-5b5a-a8bb-9cae7051367b/scratchpad/holdout2/UFGS_09_90_00.pdf", "sha256": "35a9f2f6165959e9ff4994303e076ea7ed9b3f2553f45a730fea2037414bcedb"}, {"name": "UFGS_26_51_00.pdf", "path": "/tmp/claude-0/-home-user-workflows-starter-template/02873300-0aa4-5b5a-a8bb-9cae7051367b/scratchpad/holdout2/UFGS_26_51_00.pdf", "sha256": "da2ea31c7f967d8d9128ba28690c3e6779890fc699d30a39f96078289f67918d"}, {"name": "UFGS_26_56_00.pdf", "path": "/tmp/claude-0/-home-user-workflows-starter-template/02873300-0aa4-5b5a-a8bb-9cae7051367b/scratchpad/holdout2/UFGS_26_56_00.pdf", "sha256": "f00e6813337554b5c6b2f779cc354e5dc4ece677661201be19b95f34de317797"}], "pages": [{"source": "UFGS_09_90_00.pdf", "page": 8}, {"source": "UFGS_09_90_00.pdf", "page": 17}, {"source": "UFGS_09_90_00.pdf", "page": 27}, {"source": "UFGS_09_90_00.pdf", "page": 58}, {"source": "UFGS_09_90_00.pdf", "page": 88}, {"source": "UFGS_26_51_00.pdf", "page": 1}, {"source": "UFGS_26_51_00.pdf", "page": 19}, {"source": "UFGS_26_51_00.pdf", "page": 22}, {"source": "UFGS_26_51_00.pdf", "page": 28}, {"source": "UFGS_26_51_00.pdf", "page": 31}, {"source": "UFGS_26_51_00.pdf", "page": 38}, {"source": "UFGS_26_56_00.pdf", "page": 12}, {"source": "UFGS_26_56_00.pdf", "page": 17}, {"source": "UFGS_26_56_00.pdf", "page": 24}, {"source": "UFGS_26_56_00.pdf", "page": 29}]}
